experiment,model,filter,workers,width,height,seconds
strong_scaling,sequential,gaussian_blur,1,3840,2160,0.048018
strong_scaling,sequential,sobel,1,3840,2160,0.033717
strong_scaling,sequential,sharpen,1,3840,2160,0.008092
strong_scaling,sequential,grayscale,1,3840,2160,0.018724
strong_scaling,pthreads,gaussian_blur,1,3840,2160,0.171684
strong_scaling,pthreads,sobel,1,3840,2160,0.053866
strong_scaling,pthreads,sharpen,1,3840,2160,0.032044
strong_scaling,pthreads,grayscale,1,3840,2160,0.025919
strong_scaling,openmp,gaussian_blur,1,3840,2160,0.050064
strong_scaling,openmp,sobel,1,3840,2160,0.035031
strong_scaling,openmp,sharpen,1,3840,2160,0.011919
strong_scaling,openmp,grayscale,1,3840,2160,0.018722
strong_scaling,mpi,gaussian_blur,1,3840,2160,0.059206
strong_scaling,mpi,sobel,1,3840,2160,0.041723
strong_scaling,mpi,sharpen,1,3840,2160,0.019268
strong_scaling,mpi,grayscale,1,3840,2160,0.021433
strong_scaling,pthreads,gaussian_blur,2,3840,2160,0.085449
strong_scaling,pthreads,sobel,2,3840,2160,0.027437
strong_scaling,pthreads,sharpen,2,3840,2160,0.015603
strong_scaling,pthreads,grayscale,2,3840,2160,0.013844
strong_scaling,openmp,gaussian_blur,2,3840,2160,0.026608
strong_scaling,openmp,sobel,2,3840,2160,0.017854
strong_scaling,openmp,sharpen,2,3840,2160,0.004972
strong_scaling,openmp,grayscale,2,3840,2160,0.010456
strong_scaling,mpi,gaussian_blur,2,3840,2160,0.061511
strong_scaling,mpi,sobel,2,3840,2160,0.035614
strong_scaling,mpi,sharpen,2,3840,2160,0.012151
strong_scaling,mpi,grayscale,2,3840,2160,0.025438
strong_scaling,pthreads,gaussian_blur,4,3840,2160,0.101239
strong_scaling,pthreads,sobel,4,3840,2160,0.038097
strong_scaling,pthreads,sharpen,4,3840,2160,0.018931
strong_scaling,pthreads,grayscale,4,3840,2160,0.020277
strong_scaling,openmp,gaussian_blur,4,3840,2160,0.019993
strong_scaling,openmp,sobel,4,3840,2160,0.014426
strong_scaling,openmp,sharpen,4,3840,2160,0.003851
strong_scaling,openmp,grayscale,4,3840,2160,0.007444
strong_scaling,mpi,gaussian_blur,4,3840,2160,0.039304
strong_scaling,mpi,sobel,4,3840,2160,0.032948
strong_scaling,mpi,sharpen,4,3840,2160,0.014871
strong_scaling,mpi,grayscale,4,3840,2160,0.021430
strong_scaling,pthreads,gaussian_blur,8,3840,2160,0.101610
strong_scaling,pthreads,sobel,8,3840,2160,0.033709
strong_scaling,pthreads,sharpen,8,3840,2160,0.023182
strong_scaling,pthreads,grayscale,8,3840,2160,0.016611
strong_scaling,openmp,gaussian_blur,8,3840,2160,0.035252
strong_scaling,openmp,sobel,8,3840,2160,0.025433
strong_scaling,openmp,sharpen,8,3840,2160,0.003831
strong_scaling,openmp,grayscale,8,3840,2160,0.009074
strong_scaling,mpi,gaussian_blur,8,3840,2160,0.078173
strong_scaling,mpi,sobel,8,3840,2160,0.055437
strong_scaling,mpi,sharpen,8,3840,2160,0.142710
strong_scaling,mpi,grayscale,8,3840,2160,0.116641
size_sweep,sequential,gaussian_blur,1,64,64,0.000081
size_sweep,sequential,sobel,1,64,64,0.000064
size_sweep,sequential,sharpen,1,64,64,0.000016
size_sweep,sequential,grayscale,1,64,64,0.000031
size_sweep,pthreads,gaussian_blur,8,64,64,0.001349
size_sweep,pthreads,sobel,8,64,64,0.001357
size_sweep,pthreads,sharpen,8,64,64,0.001141
size_sweep,pthreads,grayscale,8,64,64,0.001437
size_sweep,openmp,gaussian_blur,8,64,64,0.006779
size_sweep,openmp,sobel,8,64,64,0.000012
size_sweep,openmp,sharpen,8,64,64,0.003227
size_sweep,openmp,grayscale,8,64,64,0.000007
size_sweep,mpi,gaussian_blur,8,64,64,0.028267
size_sweep,mpi,sobel,8,64,64,0.015985
size_sweep,mpi,sharpen,8,64,64,0.010725
size_sweep,mpi,grayscale,8,64,64,0.011721
size_sweep,sequential,gaussian_blur,1,128,128,0.000209
size_sweep,sequential,sobel,1,128,128,0.000248
size_sweep,sequential,sharpen,1,128,128,0.000044
size_sweep,sequential,grayscale,1,128,128,0.000127
size_sweep,pthreads,gaussian_blur,8,128,128,0.001246
size_sweep,pthreads,sobel,8,128,128,0.001047
size_sweep,pthreads,sharpen,8,128,128,0.001081
size_sweep,pthreads,grayscale,8,128,128,0.001173
size_sweep,openmp,gaussian_blur,8,128,128,0.000046
size_sweep,openmp,sobel,8,128,128,0.000034
size_sweep,openmp,sharpen,8,128,128,0.000012
size_sweep,openmp,grayscale,8,128,128,0.000019
size_sweep,mpi,gaussian_blur,8,128,128,0.000119
size_sweep,mpi,sobel,8,128,128,0.000102
size_sweep,mpi,sharpen,8,128,128,0.000042
size_sweep,mpi,grayscale,8,128,128,0.000170
size_sweep,sequential,gaussian_blur,1,256,256,0.000795
size_sweep,sequential,sobel,1,256,256,0.000520
size_sweep,sequential,sharpen,1,256,256,0.000157
size_sweep,sequential,grayscale,1,256,256,0.000260
size_sweep,pthreads,gaussian_blur,8,256,256,0.001745
size_sweep,pthreads,sobel,8,256,256,0.001312
size_sweep,pthreads,sharpen,8,256,256,0.001263
size_sweep,pthreads,grayscale,8,256,256,0.001200
size_sweep,openmp,gaussian_blur,8,256,256,0.001982
size_sweep,openmp,sobel,8,256,256,0.000148
size_sweep,openmp,sharpen,8,256,256,0.000033
size_sweep,openmp,grayscale,8,256,256,0.000064
size_sweep,mpi,gaussian_blur,8,256,256,0.000320
size_sweep,mpi,sobel,8,256,256,0.000360
size_sweep,mpi,sharpen,8,256,256,0.000221
size_sweep,mpi,grayscale,8,256,256,0.001069
size_sweep,sequential,gaussian_blur,1,512,512,0.003418
size_sweep,sequential,sobel,1,512,512,0.002081
size_sweep,sequential,sharpen,1,512,512,0.000491
size_sweep,sequential,grayscale,1,512,512,0.001004
size_sweep,pthreads,gaussian_blur,8,512,512,0.002904
size_sweep,pthreads,sobel,8,512,512,0.001447
size_sweep,pthreads,sharpen,8,512,512,0.001458
size_sweep,pthreads,grayscale,8,512,512,0.001356
size_sweep,openmp,gaussian_blur,8,512,512,0.000575
size_sweep,openmp,sobel,8,512,512,0.000496
size_sweep,openmp,sharpen,8,512,512,0.000110
size_sweep,openmp,grayscale,8,512,512,0.000265
size_sweep,mpi,gaussian_blur,8,512,512,0.000927
size_sweep,mpi,sobel,8,512,512,0.000854
size_sweep,mpi,sharpen,8,512,512,0.000303
size_sweep,mpi,grayscale,8,512,512,0.012151
size_sweep,sequential,gaussian_blur,1,1024,1024,0.019745
size_sweep,sequential,sobel,1,1024,1024,0.012772
size_sweep,sequential,sharpen,1,1024,1024,0.002522
size_sweep,sequential,grayscale,1,1024,1024,0.008987
size_sweep,pthreads,gaussian_blur,8,1024,1024,0.021464
size_sweep,pthreads,sobel,8,1024,1024,0.006647
size_sweep,pthreads,sharpen,8,1024,1024,0.004948
size_sweep,pthreads,grayscale,8,1024,1024,0.004334
size_sweep,openmp,gaussian_blur,8,1024,1024,0.012476
size_sweep,openmp,sobel,8,1024,1024,0.002325
size_sweep,openmp,sharpen,8,1024,1024,0.000468
size_sweep,openmp,grayscale,8,1024,1024,0.005745
size_sweep,mpi,gaussian_blur,8,1024,1024,0.014627
size_sweep,mpi,sobel,8,1024,1024,0.030265
size_sweep,mpi,sharpen,8,1024,1024,0.007685
size_sweep,mpi,grayscale,8,1024,1024,0.010005
size_sweep,sequential,gaussian_blur,1,1920,1080,0.023387
size_sweep,sequential,sobel,1,1920,1080,0.016288
size_sweep,sequential,sharpen,1,1920,1080,0.004023
size_sweep,sequential,grayscale,1,1920,1080,0.009414
size_sweep,pthreads,gaussian_blur,8,1920,1080,0.024493
size_sweep,pthreads,sobel,8,1920,1080,0.009266
size_sweep,pthreads,sharpen,8,1920,1080,0.006061
size_sweep,pthreads,grayscale,8,1920,1080,0.005995
size_sweep,openmp,gaussian_blur,8,1920,1080,0.005328
size_sweep,openmp,sobel,8,1920,1080,0.010347
size_sweep,openmp,sharpen,8,1920,1080,0.004992
size_sweep,openmp,grayscale,8,1920,1080,0.008636
size_sweep,mpi,gaussian_blur,8,1920,1080,0.020706
size_sweep,mpi,sobel,8,1920,1080,0.018189
size_sweep,mpi,sharpen,8,1920,1080,0.018044
size_sweep,mpi,grayscale,8,1920,1080,0.017317
size_sweep,sequential,gaussian_blur,1,2560,1440,0.047200
size_sweep,sequential,sobel,1,2560,1440,0.029276
size_sweep,sequential,sharpen,1,2560,1440,0.006982
size_sweep,sequential,grayscale,1,2560,1440,0.014092
size_sweep,pthreads,gaussian_blur,8,2560,1440,0.034749
size_sweep,pthreads,sobel,8,2560,1440,0.013131
size_sweep,pthreads,sharpen,8,2560,1440,0.008856
size_sweep,pthreads,grayscale,8,2560,1440,0.007346
size_sweep,openmp,gaussian_blur,8,2560,1440,0.010586
size_sweep,openmp,sobel,8,2560,1440,0.006552
size_sweep,openmp,sharpen,8,2560,1440,0.001303
size_sweep,openmp,grayscale,8,2560,1440,0.003742
size_sweep,mpi,gaussian_blur,8,2560,1440,0.033080
size_sweep,mpi,sobel,8,2560,1440,0.032292
size_sweep,mpi,sharpen,8,2560,1440,0.004942
size_sweep,mpi,grayscale,8,2560,1440,0.022365
size_sweep,sequential,gaussian_blur,1,3840,2160,0.120753
size_sweep,sequential,sobel,1,3840,2160,0.073703
size_sweep,sequential,sharpen,1,3840,2160,0.017595
size_sweep,sequential,grayscale,1,3840,2160,0.033061
size_sweep,pthreads,gaussian_blur,8,3840,2160,0.076268
size_sweep,pthreads,sobel,8,3840,2160,0.040468
size_sweep,pthreads,sharpen,8,3840,2160,0.025708
size_sweep,pthreads,grayscale,8,3840,2160,0.017730
size_sweep,openmp,gaussian_blur,8,3840,2160,0.023117
size_sweep,openmp,sobel,8,3840,2160,0.028619
size_sweep,openmp,sharpen,8,3840,2160,0.003243
size_sweep,openmp,grayscale,8,3840,2160,0.017999
size_sweep,mpi,gaussian_blur,8,3840,2160,0.050749
size_sweep,mpi,sobel,8,3840,2160,0.042300
size_sweep,mpi,sharpen,8,3840,2160,0.017047
size_sweep,mpi,grayscale,8,3840,2160,0.018815
size_sweep,sequential,gaussian_blur,1,5760,3240,0.146794
size_sweep,sequential,sobel,1,5760,3240,0.106669
size_sweep,sequential,sharpen,1,5760,3240,0.026642
size_sweep,sequential,grayscale,1,5760,3240,0.078432
size_sweep,pthreads,gaussian_blur,8,5760,3240,0.152029
size_sweep,pthreads,sobel,8,5760,3240,0.056704
size_sweep,pthreads,sharpen,8,5760,3240,0.037061
size_sweep,pthreads,grayscale,8,5760,3240,0.035779
size_sweep,openmp,gaussian_blur,8,5760,3240,0.063880
size_sweep,openmp,sobel,8,5760,3240,0.033166
size_sweep,openmp,sharpen,8,5760,3240,0.008704
size_sweep,openmp,grayscale,8,5760,3240,0.016958
size_sweep,mpi,gaussian_blur,8,5760,3240,0.088657
size_sweep,mpi,sobel,8,5760,3240,0.098944
size_sweep,mpi,sharpen,8,5760,3240,0.044331
size_sweep,mpi,grayscale,8,5760,3240,0.041452
weak_scaling,pthreads,gaussian_blur,1,1920,270,0.019339
weak_scaling,pthreads,sobel,1,1920,270,0.006856
weak_scaling,pthreads,sharpen,1,1920,270,0.003705
weak_scaling,pthreads,grayscale,1,1920,270,0.002905
weak_scaling,openmp,gaussian_blur,1,1920,270,0.005027
weak_scaling,openmp,sobel,1,1920,270,0.003483
weak_scaling,openmp,sharpen,1,1920,270,0.000880
weak_scaling,openmp,grayscale,1,1920,270,0.002171
weak_scaling,mpi,gaussian_blur,1,1920,270,0.005031
weak_scaling,mpi,sobel,1,1920,270,0.003475
weak_scaling,mpi,sharpen,1,1920,270,0.001428
weak_scaling,mpi,grayscale,1,1920,270,0.001869
weak_scaling,pthreads,gaussian_blur,2,1920,540,0.015949
weak_scaling,pthreads,sobel,2,1920,540,0.004996
weak_scaling,pthreads,sharpen,2,1920,540,0.003117
weak_scaling,pthreads,grayscale,2,1920,540,0.003269
weak_scaling,openmp,gaussian_blur,2,1920,540,0.004491
weak_scaling,openmp,sobel,2,1920,540,0.003137
weak_scaling,openmp,sharpen,2,1920,540,0.001292
weak_scaling,openmp,grayscale,2,1920,540,0.001624
weak_scaling,mpi,gaussian_blur,2,1920,540,0.006549
weak_scaling,mpi,sobel,2,1920,540,0.003603
weak_scaling,mpi,sharpen,2,1920,540,0.001544
weak_scaling,mpi,grayscale,2,1920,540,0.005705
weak_scaling,pthreads,gaussian_blur,4,1920,1080,0.025360
weak_scaling,pthreads,sobel,4,1920,1080,0.010658
weak_scaling,pthreads,sharpen,4,1920,1080,0.007155
weak_scaling,pthreads,grayscale,4,1920,1080,0.004852
weak_scaling,openmp,gaussian_blur,4,1920,1080,0.005562
weak_scaling,openmp,sobel,4,1920,1080,0.006692
weak_scaling,openmp,sharpen,4,1920,1080,0.001537
weak_scaling,openmp,grayscale,4,1920,1080,0.003756
weak_scaling,mpi,gaussian_blur,4,1920,1080,0.011998
weak_scaling,mpi,sobel,4,1920,1080,0.010162
weak_scaling,mpi,sharpen,4,1920,1080,0.002491
weak_scaling,mpi,grayscale,4,1920,1080,0.004162
weak_scaling,pthreads,gaussian_blur,8,1920,2160,0.033743
weak_scaling,pthreads,sobel,8,1920,2160,0.013073
weak_scaling,pthreads,sharpen,8,1920,2160,0.007982
weak_scaling,pthreads,grayscale,8,1920,2160,0.008087
weak_scaling,openmp,gaussian_blur,8,1920,2160,0.015163
weak_scaling,openmp,sobel,8,1920,2160,0.013499
weak_scaling,openmp,sharpen,8,1920,2160,0.004067
weak_scaling,openmp,grayscale,8,1920,2160,0.006522
weak_scaling,mpi,gaussian_blur,8,1920,2160,0.028074
weak_scaling,mpi,sobel,8,1920,2160,0.024834
weak_scaling,mpi,sharpen,8,1920,2160,0.005527
weak_scaling,mpi,grayscale,8,1920,2160,0.011521
